question,answer,contexts,ground_truth,faithfulness,answer_relevancy,context_precision,context_recall,answer_correctness
密码多久需要更换一次？有什么复杂度要求？,"

根据知识库资料，访客网密码的更换周期为每月一次 [1]。但知识库中未提及密码的具体复杂度要求，该信息属于未知内容。","['it_设备管理制度\n## 网络使用\n办公网络分为办公网与访客网，访客网密码每月更换一次。'
 'admin_会议室预定\n## 使用规范\n1. 预定后 15 分钟未使用的，系统自动释放该时段。\n2. 会议结束须清理白板、带走物品，视频会议设备使用后关机。\n3. 取消会议请提前在系统释放，累计 3 次预定未用将被限制预定一周。'
 'probe_1787722470\n## 报修热线\n设备报修请拨打内部热线 1787722470，4 小时内响应。'
 'probe_1787722309\n## 报修热线\n设备报修请拨打内部热线 1787722309，4 小时内响应。'
 'it_设备管理制度\n## 设备维修\n1. 设备故障请提交 IT 工单，响应时限为 4 小时。\n2. 人为损坏需照价赔偿。'
 'admin_会议室预定\n## 对外接待\n接待外部访客优先使用泰山厅，需提前半天向行政部报备来访人数与公司信息，由行政准备门禁临时卡。']",每 90 天强制更换，长度不少于 10 位且包含大小写字母、数字、特殊字符中至少三类，不得与前 5 次重复。,0.8,0.0,0.99999999995,1.0,0.3278315918000765
VPN 账号有效期多长？,"

知识库中暂未找到与该问题相关的资料，建议补充相关文档或换个问法。",[],默认 6 个月，到期自动停用，续用需重新审批。,0.0,0.0,0.0,0.0,0.14046773791759026
数据库备份多久做一次？保留多久？,"

根据现有资料，数据库备份频率和保留周期需结合数据变更频率、业务需求及风险承受能力确定。建议采取以下策略：  
1. **备份频率**：可选择每日或每周执行全量备份，配合每小时一次的增量备份[n1]；  
2. **保留周期**：至少保留一个月的备份数据[n1]。  

具体方案需根据实际业务场景调整，必要时可咨询专业运维人员。",[],核心 MySQL 每日凌晨 2 点全量+每小时增量 binlog；每日全量保留 30 天，月末全量长期保留至少 2 年，财务备份保留 5 年。,0.0,0.6437682223877371,0.0,0.0,0.46570255694083273
加班有餐费补贴吗？调休怎么算？,"

知识库中暂未找到与该问题相关的资料，建议补充相关文档或换个问法。","['admin_差旅政策\n## 补贴\n出差期间餐补 100 元/天（当天往返减半）；连续出差超过 10 天的，每两周可返程休整一次（交通费另报）。'
 'admin_差旅政策\n# 员工差旅政策'
 'admin_差旅政策\n## 住宿标准\n| 城市 | 普通员工 | 经理 | 总监及以上 |\n|------|---------|------|-----------|\n| 一线城市（北上广深） | 600 元/晚 | 800 元/晚 | 1200 元/晚 |\n| 省会城市 | 450 元/晚 | 600 元/晚 | 900 元/晚 |\n| 其他城市 | 350 元/晚 | 500 元/晚 | 700 元/晚 |'
 'admin_会议室预定\n## 预定方式\n通过 OA 系统「会议室」模块预定，先到先得。可预定时段为工作日 8:30-20:00。'
 'it_设备管理制度\n## 设备维修\n1. 设备故障请提交 IT 工单，响应时限为 4 小时。\n2. 人为损坏需照价赔偿。'
 'admin_差旅政策\n## 预定与报销\n1. 统一通过商旅平台（携程商旅）预定，企业月结，个人无需垫付机票高铁费用。\n2. 超标入住的，超出部分个人自付。\n3. 市内交通实报实销（打车需注明起止地点），每日封顶 100 元。']",工作日加班满 2 小时报销 30 元餐费；周末加班优先调休，1 天=1 天，6 个月内有效。,0.0,0.0,0.7499999999625,0.0,0.1295231428323182
年假有多少天？可以攒着明年用吗？,"

根据《hr_考勤与休假制度》：
1. 年假天数按司龄计算：入职满1年5天，满3年8天，满5年12天，满10年15天 [1]；
2. 年假当年有效，但可结转至次年3月31日，超出该日期未使用的部分将作废 [1]。","['hr_考勤与休假制度\n## 年假\n员工年假按司龄计算：入职满 1 年 5 天，满 3 年 8 天，满 5 年 12 天，满 10 年 15 天。年假当年有效，最多可结转至次年 3 月 31 日。'
 'hr_考勤制度\n## 请假流程\n请假需提前一天在 OA 系统提交，3 天以上需部门总监审批。'
 'hr_考勤与休假制度\n## 请假流程\n1. 请假需提前 1 个工作日在 OA 系统提交申请。\n2. 1 天以内部门经理审批；1-3 天部门总监审批；3 天以上总经理审批。\n3. 病假（3 天以上）需提供二级以上医院证明。'
 'hr_考勤与休假制度\n## 打卡规则\n1. 每日上下班各打卡一次，使用企业微信定位打卡或办公区闸机。\n2. 每月允许 2 次 10 分钟内的弹性迟到，不扣款。\n3. 超过 30 分钟未打卡且无请假记录的，按半天事假计。'
 'admin_差旅政策\n# 员工差旅政策'
 'admin_差旅政策\n## 补贴\n出差期间餐补 100 元/天（当天往返减半）；连续出差超过 10 天的，每两周可返程休整一次（交通费另报）。']",按司龄：满 1 年 5 天、满 3 年 8 天、满 5 年 12 天、满 10 年 15 天；当年有效，最多结转至次年 3 月 31 日。,0.0,0.5627333321735858,0.6333333333122222,1.0,0.18974688672837728
发票丢了还能报销吗？电子发票要注意什么？,"

知识库中暂未找到与该问题相关的资料，建议补充相关文档或换个问法。","['fin_费用报销制度\n## 发票要求\n1. 必须提供增值税发票原件，抬头与税号正确。\n2. 餐费报销需注明事由与参与人员名单。'
 'fin_费用报销制度\n## 报销时限\n费用发生后应在 5 个工作日内提交报销单。' 'fin_费用报销制度\n# 费用报销制度'
 'fin_供应商付款\n## 例外情形\n因特殊原因需要紧急付款的，填写《紧急付款申请单》，财务总监批准后可在三单匹配完成前先行支付 50%，余款待材料齐全后支付。'
 'fin_供应商付款\n## 付款流程\n供应商在系统上传发票 → 采购确认 → 财务三单匹配（合同-验收单-发票）→ 按审批层级付款。'
 'fin_供应商付款\n# 供应商付款管理规范']",必须提供增值税发票原件；电子发票须查验真伪并附查验截图，同一张发票不得重复报销。,0.0,0.0,0.699999999965,,0.14812647869753798
采购合同的审批权限是怎么划分的？,"

知识库中暂未找到与该问题相关的资料，建议补充相关文档或换个问法。","['fin_费用报销制度\n## 审批层级\n500 元以下部门经理审批；500-5000 元财务总监审批；5000 元以上总经理审批。'
 'fin_供应商付款\n## 付款流程\n供应商在系统上传发票 → 采购确认 → 财务三单匹配（合同-验收单-发票）→ 按审批层级付款。'
 'hr_招聘流程\n## Offer 审批\n1. Offer 薪资在预算区间内的，由 HR 经理审批。\n2. 超出预算区间 10% 以内的，加签用人总监；超出 10% 以上的，加签总经理。'
 'fin_预算管理\n## 预算执行\n1. 预算内支出按审批流正常执行。\n2. 单科目使用率达到 80% 时，财务自动预警至部门负责人。\n3. 超预算支出必须提前发起《预算调整申请》，经财务总监与总经理双批后方可执行。'
 'fin_供应商付款\n## 例外情形\n因特殊原因需要紧急付款的，填写《紧急付款申请单》，财务总监批准后可在三单匹配完成前先行支付 50%，余款待材料齐全后支付。'
 'fin_预算管理\n## 预算冻结\n每年 12 月 15 日至 31 日为预算冻结期，除已签约合同付款外暂停一切新支出审批。']",≤50 万部门总监审批；50-200 万财务总监+总经理双批；>200 万总经理办公会；超 20 万或涉数据处理须经法务审查。,0.0,0.0,0.9666666666473333,1.0,0.12554715941392974
公司的注册资本是多少？,"

知识库中暂未找到与该问题相关的资料，建议补充相关文档或换个问法。",[],,0.0,0.0,0.0,0.0,
食堂的承包商是哪家公司？,"

根据知识库中的信息，食堂的承包商是C公司 [3]。",[],,0.0,0.0,0.0,0.0,
